2026-05-27_12-08-56,0,main.go:2026-05-27_12-08-56
2026-05-27_12-18-05,0,main.go:2026-05-27_12-18-05
2026-05-27_12-18-34,0,main.go:2026-05-27_12-18-34
2026-05-27_12-27-27,0,main.go:2026-05-27_12-27-27
2026-05-27_12-33-32,0,main.go:2026-05-27_12-33-32
2026-05-27_14-27-18,0,main.go:2026-05-27_14-27-18
2026-05-27_14-48-58,0,main.go:2026-05-27_14-48-58
2026-05-27_14-49-21,0,main.go:2026-05-27_14-49-21
2026-05-27_14-50-32,0,main.go:2026-05-27_14-50-32
2026-05-27_14-51-09,0,main.go:2026-05-27_14-51-09
2026-05-27_14-51-16,0,main.go:2026-05-27_14-51-16
2026-05-27_14-54-01,0,main.go:2026-05-27_14-54-01
2026-05-27_14-57-14,0,main.go:2026-05-27_14-57-14
2026-05-27_14-57-26,0,main.go:2026-05-27_14-57-26
2026-05-27_14-59-22,0,main.go:2026-05-27_14-59-22
2026-05-27_14-59-52,0,main.go:2026-05-27_14-59-52
2026-05-27_15-02-04,16,main.go:2026-05-27_15-02-04
2026-05-27_15-03-46,16,main.go:2026-05-27_15-03-46
2026-05-27_15-28-28,0,main.go:2026-05-27_15-28-28
2026-05-27_15-29-43,16,main.go:2026-05-27_15-29-43
2026-05-27_15-34-39,33,main.go:2026-05-27_15-34-39
2026-05-27_15-43-19,0,main.go:2026-05-27_15-43-19
2026-05-27_15-43-24,33,main.go:2026-05-27_15-43-24
2026-05-27_15-43-54,33,main.go:2026-05-27_15-43-24
2026-05-27_16-01-40,33,main.go:2026-05-27_16-01-40
2026-05-27_16-02-03,33,main.go:2026-05-27_16-02-03
2026-05-27_16-02-54,33,main.go:2026-05-27_16-02-54
2026-05-27_16-04-23,33,main.go:2026-05-27_16-04-23
2026-05-27_16-09-56,0,main.go:2026-05-27_16-09-56
2026-05-27_16-11-17,16,main.go:2026-05-27_16-11-17
2026-05-27_16-11-24,33,main.go:2026-05-27_16-11-24
2026-05-27_16-12-23,33,main.go:2026-05-27_16-12-23
2026-05-27_16-12-41,33,main.go:2026-05-27_16-12-41
2026-05-27_16-15-21,33,main.go:2026-05-27_16-15-21
2026-05-27_16-15-31,33,main.go:2026-05-27_16-15-31
2026-05-27_16-20-39,16,main.go:2026-05-27_16-20-39
2026-05-27_16-20-49,16,main.go:2026-05-27_16-20-49
2026-05-27_16-20-50,16,main.go:2026-05-27_16-20-49
2026-05-27_16-21-15,16,main.go:2026-05-27_16-21-15
2026-05-27_16-22-54,16,main.go:2026-05-27_16-22-54
2026-05-27_16-23-27,16,main.go:2026-05-27_16-23-27
2026-05-27_16-24-13,33,main.go:2026-05-27_16-24-13
2026-05-27_16-25-22,0,main.go:2026-05-27_16-25-22
2026-05-27_16-25-31,16,main.go:2026-05-27_16-25-31
2026-05-27_16-33-07,33,main.go:2026-05-27_16-33-07
2026-05-27_16-34-43,33,main.go:2026-05-27_16-34-43
2026-05-27_16-41-01,33,main.go:2026-05-27_16-41-01
2026-05-27_16-42-13,50,main.go:2026-05-27_16-42-13
2026-05-27_16-46-38,50,main.go:2026-05-27_16-46-38
2026-05-27_16-49-17,83,main.go:2026-05-27_16-49-17
2026-05-27_16-49-54,50,main.go:2026-05-27_16-49-54
2026-05-27_16-50-09,83,main.go:2026-05-27_16-50-09
2026-05-27_16-50-25,100,main.go:2026-05-27_16-50-25
