2026-03-10_11-05-09,---,draft.go:2026-03-10_11-05-09
2026-03-10_11-05-34,---,draft.go:2026-03-10_11-05-09
2026-03-10_11-06-41,---,draft.go:2026-03-10_11-06-41
2026-03-10_11-25-10,---,draft.go:2026-03-10_11-25-10
2026-03-10_11-28-50,0,draft.go:2026-03-10_11-28-50
2026-03-10_11-29-24,---,draft.go:2026-03-10_11-29-24
2026-03-10_11-29-39,0,draft.go:2026-03-10_11-29-24
2026-03-10_11-32-34,0,draft.go:2026-03-10_11-32-34
2026-03-10_11-32-49,0,draft.go:2026-03-10_11-32-49
2026-03-10_11-33-11,0,draft.go:2026-03-10_11-33-11
2026-03-10_11-33-43,---,draft.go:2026-03-10_11-33-43
2026-03-10_22-29-48,0,draft.go:2026-03-10_22-29-48
2026-03-10_22-30-34,0,draft.go:2026-03-10_22-30-34
2026-03-10_22-31-00,0,draft.go:2026-03-10_22-31-00
2026-03-10_22-32-15,---,draft.go:2026-03-10_22-31-00
2026-03-11_09-01-35,---,draft.go:2026-03-11_09-01-35
2026-03-11_09-02-00,0,draft.go:2026-03-11_09-01-35
2026-03-11_09-02-47,0,draft.go:2026-03-11_09-02-47
2026-03-11_09-02-48,---,draft.go:2026-03-11_09-02-47
2026-03-11_09-03-41,0,draft.go:2026-03-11_09-02-47
2026-03-11_09-03-51,0,draft.go:2026-03-11_09-02-47
2026-03-11_09-03-56,---,draft.go:2026-03-11_09-02-47
2026-03-11_10-40-17,0,draft.go:2026-03-11_10-40-17
2026-03-11_10-41-38,0,draft.go:2026-03-11_10-41-38
2026-03-11_10-41-40,0,draft.go:2026-03-11_10-41-38
2026-03-11_10-41-58,0,draft.go:2026-03-11_10-41-38
