2026-05-26_18-56-53,75,draft.go:2026-05-26_18-56-53
2026-05-26_18-56-54,75,draft.go:2026-05-26_18-56-53
2026-05-26_18-57-13,100,draft.go:2026-05-26_18-57-13
2026-05-26_18-57-34,0,main.go:2026-05-26_18-57-34
2026-05-26_18-57-44,0,main.go:2026-05-26_18-57-34
2026-05-26_18-57-55,0,draft.go:2026-05-26_18-57-55
2026-05-26_18-57-56,0,draft.go:2026-05-26_18-57-55
2026-05-26_18-58-15,0,draft.go:2026-05-26_18-57-55
2026-05-26_18-58-21,0,main.go:2026-05-26_18-58-21
2026-05-26_18-58-26,0,main.go:2026-05-26_18-58-26
2026-05-26_18-58-38,0,main.go:2026-05-26_18-58-26
2026-05-27_12-05-21,100,draft.go:2026-05-27_12-05-21
