2026-04-07_10-28-20,0,main.go:2026-04-07_10-28-20
2026-04-07_10-32-39,0,main.go:2026-04-07_10-32-39
2026-04-07_10-33-19,0,main.go:2026-04-07_10-33-19
2026-04-07_10-53-56,0,main.go:2026-04-07_10-53-56
2026-04-07_14-11-33,0,main.go:2026-04-07_14-11-33
2026-04-07_14-23-02,0,main.go:2026-04-07_14-23-02
2026-04-07_14-23-04,0,main.go:2026-04-07_14-23-02
2026-04-07_14-24-20,0,main.go:2026-04-07_14-24-20
2026-04-07_14-24-25,0,main.go:2026-04-07_14-24-20
2026-04-07_14-24-30,0,main.go:2026-04-07_14-24-20
2026-04-07_14-24-40,0,main.go:2026-04-07_14-24-40
2026-04-07_14-27-38,0,main.go:2026-04-07_14-27-38
2026-04-07_14-27-41,0,main.go:2026-04-07_14-27-38
2026-04-07_14-30-37,0,main.go:2026-04-07_14-30-37
2026-04-07_14-30-39,0,main.go:2026-04-07_14-30-37
2026-04-07_14-30-45,0,main.go:2026-04-07_14-30-37
2026-04-07_14-33-44,0,main.go:2026-04-07_14-33-44
2026-04-07_14-34-43,0,main.go:2026-04-07_14-34-43
2026-04-07_14-35-29,0,main.go:2026-04-07_14-35-29
2026-04-07_14-42-17,0,main.go:2026-04-07_14-42-17
2026-04-07_14-42-19,0,main.go:2026-04-07_14-42-17
2026-04-07_14-42-23,0,main.go:2026-04-07_14-42-17
2026-04-07_14-44-49,0,main.go:2026-04-07_14-44-49
2026-04-07_14-46-40,0,main.go:2026-04-07_14-46-40
2026-04-07_14-46-42,0,main.go:2026-04-07_14-46-40
2026-04-07_14-46-43,0,main.go:2026-04-07_14-46-40
2026-04-07_14-48-03,0,main.go:2026-04-07_14-48-03
2026-04-07_14-48-05,0,main.go:2026-04-07_14-48-03
2026-04-07_14-48-08,0,main.go:2026-04-07_14-48-03
2026-04-07_14-48-10,0,main.go:2026-04-07_14-48-03
2026-04-07_14-48-13,0,main.go:2026-04-07_14-48-03
2026-04-07_14-48-15,0,main.go:2026-04-07_14-48-03
2026-04-07_14-48-18,0,main.go:2026-04-07_14-48-03
2026-04-07_15-02-04,0,main.go:2026-04-07_15-02-04
2026-04-07_15-02-07,16,main.go:2026-04-07_15-02-04
2026-04-07_15-02-34,16,main.go:2026-04-07_15-02-34
2026-04-07_15-07-00,0,main.go:2026-04-07_15-07-00
2026-04-07_15-07-37,16,main.go:2026-04-07_15-07-37
2026-04-07_15-10-31,16,main.go:2026-04-07_15-10-31
2026-04-07_15-12-23,16,main.go:2026-04-07_15-12-23
2026-04-07_15-12-46,33,main.go:2026-04-07_15-12-46
2026-04-07_15-37-33,33,main.go:2026-04-07_15-12-46
2026-04-07_15-37-41,33,main.go:2026-04-07_15-12-46
2026-04-07_15-37-57,33,main.go:2026-04-07_15-12-46
2026-04-07_15-38-48,0,main.go:2026-04-07_15-38-48
2026-04-07_15-38-55,0,main.go:2026-04-07_15-38-48
2026-04-07_15-39-09,33,main.go:2026-04-07_15-39-09
2026-04-07_15-55-13,0,main.go:2026-04-07_15-55-13
2026-04-07_15-55-16,33,main.go:2026-04-07_15-55-13
2026-04-07_16-04-36,0,main.go:2026-04-07_16-04-36
2026-04-07_16-05-35,33,main.go:2026-04-07_16-05-35
2026-04-07_16-05-58,0,main.go:2026-04-07_16-05-58
2026-04-07_16-06-01,50,main.go:2026-04-07_16-05-58
2026-04-07_20-25-22,0,main.go:2026-04-07_20-25-22
2026-04-07_20-25-24,50,main.go:2026-04-07_20-25-22
2026-04-07_20-27-42,66,main.go:2026-04-07_20-27-42
2026-04-07_20-27-43,66,main.go:2026-04-07_20-27-42
2026-04-07_20-31-51,50,main.go:2026-04-07_20-31-51
2026-04-07_20-31-52,50,main.go:2026-04-07_20-31-51
2026-04-07_20-32-20,66,main.go:2026-04-07_20-32-20
2026-04-07_20-32-53,50,main.go:2026-04-07_20-32-53
2026-04-07_20-32-56,50,main.go:2026-04-07_20-32-53
2026-04-07_20-33-45,66,main.go:2026-04-07_20-33-45
2026-04-07_20-36-38,0,main.go:2026-04-07_20-36-38
2026-04-07_20-36-41,83,main.go:2026-04-07_20-36-38
2026-04-07_20-40-51,83,main.go:2026-04-07_20-40-51
2026-04-07_21-44-24,0,main.go:2026-04-07_21-44-24
2026-04-07_21-44-25,100,main.go:2026-04-07_21-44-24
2026-04-07_21-44-40,100,main.go:2026-04-07_21-44-24
2026-05-27_12-05-10,100,main.go:2026-04-07_21-44-24
2026-05-27_20-46-35,100,main.go:2026-04-07_21-44-24
