2026-04-30_13-44-52,0,main.go:2026-04-30_13-44-52
2026-04-30_16-04-19,0,main.go:2026-04-30_16-04-19
2026-04-30_16-04-42,0,main.go:2026-04-30_16-04-42
2026-04-30_16-08-59,0,main.go:2026-04-30_16-08-59
2026-04-30_20-36-50,0,main.go:2026-04-30_16-08-59
2026-04-30_20-44-27,0,main.go:2026-04-30_20-44-27
2026-04-30_20-46-35,0,main.go:2026-04-30_20-46-35
2026-04-30_20-46-50,0,main.go:2026-04-30_20-46-50
2026-04-30_20-56-20,0,main.go:2026-04-30_20-56-20
2026-04-30_20-56-34,0,main.go:2026-04-30_20-56-34
2026-04-30_21-56-48,0,main.go:2026-04-30_21-56-48
2026-05-02_20-38-38,20,main.go:2026-05-02_20-38-38
2026-05-02_20-39-58,100,main.go:2026-05-02_20-39-58
