2026-06-02_15-23-38,0,draft.go:2026-06-02_15-23-38
2026-06-02_16-46-32,0,draft.go:2026-06-02_16-46-32
2026-06-02_16-54-42,0,draft.go:2026-06-02_16-54-42
2026-06-02_16-55-00,0,draft.go:2026-06-02_16-54-42
2026-06-02_17-02-41,33,draft.go:2026-06-02_17-02-41
2026-06-02_17-06-41,0,draft.go:2026-06-02_17-06-41
2026-06-02_17-16-03,33,draft.go:2026-06-02_17-16-03
2026-06-02_17-16-21,33,draft.go:2026-06-02_17-16-21
2026-06-02_17-17-18,33,draft.go:2026-06-02_17-17-18
2026-06-02_17-18-29,33,draft.go:2026-06-02_17-18-29
2026-06-02_17-19-01,33,draft.go:2026-06-02_17-19-01
2026-06-02_17-21-22,0,draft.go:2026-06-02_17-21-22
2026-06-02_17-21-29,33,draft.go:2026-06-02_17-21-29
2026-06-02_17-21-37,33,draft.go:2026-06-02_17-21-37
2026-06-02_17-22-51,33,draft.go:2026-06-02_17-22-51
2026-06-02_17-23-47,33,draft.go:2026-06-02_17-23-47
2026-06-02_17-25-21,0,draft.go:2026-06-02_17-25-21
2026-06-02_17-26-40,0,draft.go:2026-06-02_17-26-40
2026-06-02_17-26-59,0,draft.go:2026-06-02_17-26-59
2026-06-02_17-28-18,33,draft.go:2026-06-02_17-28-18
2026-06-02_18-31-55,0,draft.go:2026-06-02_18-31-55
2026-06-02_18-42-36,100,draft.go:2026-06-02_18-42-36
2026-06-02_18-42-56,100,draft.go:2026-06-02_18-42-56
2026-07-02_17-15-15,66,draft.go:2026-07-02_17-15-15
2026-07-04_14-01-04,66,draft.go:2026-07-02_17-15-15
2026-07-04_14-17-36,66,draft.go:2026-07-02_17-15-15
2026-07-04_14-22-22,66,draft.go:2026-07-04_14-22-22
2026-07-04_14-22-51,66,draft.go:2026-07-04_14-22-51
2026-07-04_14-25-23,66,draft.go:2026-07-04_14-25-23
2026-07-04_14-28-02,66,draft.go:2026-07-04_14-28-02
2026-07-04_14-33-16,66,draft.go:2026-07-04_14-33-16
2026-07-04_14-33-59,33,draft.go:2026-07-04_14-33-59
2026-07-04_14-34-49,66,draft.go:2026-07-04_14-34-49
2026-07-04_14-35-05,66,draft.go:2026-07-04_14-35-05
2026-07-04_14-35-28,0,draft.go:2026-07-04_14-35-28
2026-07-04_14-37-48,66,draft.go:2026-07-04_14-37-48
2026-07-04_14-39-41,100,draft.go:2026-07-04_14-39-41
