2026-06-04_10-36-34,0,draft.go:2026-06-04_10-36-34
2026-06-04_11-22-27,0,draft.go:2026-06-04_11-22-27
2026-06-04_11-23-25,0,draft.go:2026-06-04_11-23-25
2026-06-04_11-25-54,0,draft.go:2026-06-04_11-25-54
2026-06-04_11-32-02,0,draft.go:2026-06-04_11-32-02
2026-06-04_11-32-20,0,draft.go:2026-06-04_11-32-20
2026-06-04_11-32-47,0,draft.go:2026-06-04_11-32-47
2026-06-04_11-37-25,0,draft.go:2026-06-04_11-37-25
2026-06-04_11-38-45,0,draft.go:2026-06-04_11-38-45
2026-06-04_11-39-36,0,draft.go:2026-06-04_11-39-36
2026-06-04_11-40-12,0,draft.go:2026-06-04_11-40-12
2026-06-04_11-42-11,0,draft.go:2026-06-04_11-42-11
2026-06-04_11-45-10,0,draft.go:2026-06-04_11-45-10
2026-06-04_11-45-15,0,draft.go:2026-06-04_11-45-10
2026-06-04_11-48-04,0,draft.go:2026-06-04_11-48-04
2026-06-04_11-48-21,0,draft.go:2026-06-04_11-48-21
2026-06-04_11-48-33,0,draft.go:2026-06-04_11-48-33
2026-06-04_11-49-36,0,draft.go:2026-06-04_11-49-36
2026-06-04_11-51-14,0,draft.go:2026-06-04_11-51-14
2026-06-04_11-56-48,0,draft.go:2026-06-04_11-56-48
2026-06-04_11-58-15,0,draft.go:2026-06-04_11-58-15
2026-06-04_12-02-52,0,draft.go:2026-06-04_12-02-52
2026-06-04_12-03-02,0,draft.go:2026-06-04_12-03-02
2026-06-04_12-03-27,0,draft.go:2026-06-04_12-03-27
2026-06-04_12-05-54,0,draft.go:2026-06-04_12-05-54
2026-06-04_12-06-23,0,draft.go:2026-06-04_12-06-23
2026-06-04_12-30-23,0,draft.go:2026-06-04_12-30-23
2026-06-04_12-30-46,0,draft.go:2026-06-04_12-30-46
2026-06-04_12-30-52,0,draft.go:2026-06-04_12-30-52
2026-06-04_12-31-01,0,draft.go:2026-06-04_12-31-01
2026-06-04_13-23-34,0,draft.go:2026-06-04_13-23-34
2026-06-04_13-24-06,0,draft.go:2026-06-04_13-24-06
2026-06-04_15-00-35,0,draft.go:2026-06-04_15-00-35
2026-06-04_15-00-58,0,draft.go:2026-06-04_15-00-58
2026-06-04_15-01-19,46,draft.go:2026-06-04_15-01-19
2026-06-04_15-02-57,46,draft.go:2026-06-04_15-02-57
2026-06-04_15-04-05,0,draft.go:2026-06-04_15-04-05
2026-06-04_15-04-50,0,draft.go:2026-06-04_15-04-50
2026-06-04_15-04-59,0,draft.go:2026-06-04_15-04-59
2026-06-04_15-05-09,0,draft.go:2026-06-04_15-05-09
2026-06-04_15-05-17,23,draft.go:2026-06-04_15-05-17
2026-06-04_15-08-39,0,draft.go:2026-06-04_15-08-39
2026-06-04_15-08-48,46,draft.go:2026-06-04_15-08-48
2026-06-04_15-14-35,100,draft.go:2026-06-04_15-14-35
2026-06-14_12-21-15,100,draft.go:2026-06-04_15-14-35
