2026-04-28_08-39-16,33,main.go:2026-04-28_08-39-16
2026-04-28_08-39-28,33,main.go:2026-04-28_08-39-16
2026-05-02_20-46-35,33,main.go:2026-05-02_20-46-35
2026-05-02_23-06-25,0,main.go:2026-05-02_23-06-25
2026-05-02_23-06-28,0,main.go:2026-05-02_23-06-25
2026-05-02_23-17-15,33,main.go:2026-05-02_23-17-15
2026-05-02_23-17-32,33,main.go:2026-05-02_23-17-32
2026-05-02_23-18-04,33,main.go:2026-05-02_23-17-32
2026-05-02_23-18-30,33,main.go:2026-05-02_23-18-30
2026-05-02_23-19-37,100,main.go:2026-05-02_23-19-37
2026-05-18_13-49-13,100,main.go:2026-05-02_23-19-37
2026-05-27_22-11-42,100,main.go:2026-05-02_23-19-37
