2026-06-28_16-53-19,0,main.go:2026-06-28_16-53-19;queue.go:2026-06-28_16-53-19
2026-06-28_20-08-09,0,main.go:2026-06-28_20-08-09;queue.go:2026-06-28_16-53-19
2026-06-28_20-14-08,0,main.go:2026-06-28_20-14-08;queue.go:2026-06-28_16-53-19
2026-06-28_20-14-36,0,main.go:2026-06-28_20-14-36;queue.go:2026-06-28_16-53-19
2026-06-28_20-15-46,0,main.go:2026-06-28_20-15-46;queue.go:2026-06-28_16-53-19
2026-06-28_20-16-49,0,main.go:2026-06-28_20-16-49;queue.go:2026-06-28_16-53-19
2026-06-28_20-17-32,0,main.go:2026-06-28_20-17-32;queue.go:2026-06-28_16-53-19
2026-06-28_20-17-51,0,main.go:2026-06-28_20-17-51;queue.go:2026-06-28_16-53-19
2026-06-28_20-18-39,0,main.go:2026-06-28_20-18-39;queue.go:2026-06-28_16-53-19
2026-06-28_20-18-53,0,main.go:2026-06-28_20-18-53;queue.go:2026-06-28_16-53-19
2026-06-28_20-19-24,100,main.go:2026-06-28_20-19-24;queue.go:2026-06-28_16-53-19
