2026-04-26_11-57-59,18,main.go:2026-04-26_11-57-59
2026-04-26_11-59-39,18,main.go:2026-04-26_11-57-59
2026-04-26_12-20-14,---,main.go:2026-04-26_12-20-14
2026-04-26_12-21-10,---,main.go:2026-04-26_12-21-10
2026-04-26_12-23-05,---,main.go:2026-04-26_12-23-05
2026-04-26_12-25-58,---,main.go:2026-04-26_12-25-58
2026-04-26_12-34-34,---,main.go:2026-04-26_12-34-34
2026-04-26_12-48-44,63,main.go:2026-04-26_12-48-44
2026-04-26_12-49-29,63,main.go:2026-04-26_12-49-29
2026-04-26_12-59-43,63,main.go:2026-04-26_12-59-43
2026-04-26_13-01-21,63,main.go:2026-04-26_13-01-21
2026-04-26_13-02-22,63,main.go:2026-04-26_13-02-22
2026-04-26_13-02-35,63,main.go:2026-04-26_13-02-35
2026-04-26_13-02-46,63,main.go:2026-04-26_13-02-46
2026-04-26_13-05-20,54,main.go:2026-04-26_13-05-20
2026-04-26_13-05-27,63,main.go:2026-04-26_13-05-27
2026-04-26_13-08-18,100,main.go:2026-04-26_13-08-18
2026-04-26_13-23-14,54,main.go:2026-04-26_13-23-14
2026-04-26_13-23-23,100,main.go:2026-04-26_13-23-23
2026-05-26_22-21-09,0,main.go:2026-04-26_13-23-23
2026-05-26_22-21-11,0,main.go:2026-04-26_13-23-23
2026-05-27_22-11-22,100,main.go:2026-04-26_13-23-23
