2026-05-02_11-21-26,0,dlist.go:2026-05-02_11-21-26;main.go:2026-05-02_11-21-26
2026-05-02_12-08-53,0,dlist.go:2026-05-02_12-08-53;main.go:2026-05-02_12-08-53
2026-05-02_12-10-19,0,dlist.go:2026-05-02_12-08-53;main.go:2026-05-02_12-10-19
2026-05-02_12-10-32,0,dlist.go:2026-05-02_12-08-53;main.go:2026-05-02_12-10-19
2026-05-02_12-13-26,0,dlist.go:2026-05-02_12-08-53;main.go:2026-05-02_12-13-26
2026-05-02_12-13-36,0,dlist.go:2026-05-02_12-08-53;main.go:2026-05-02_12-13-36
2026-05-02_12-15-32,0,dlist.go:2026-05-02_12-08-53;main.go:2026-05-02_12-15-32
2026-05-02_12-16-14,0,dlist.go:2026-05-02_12-08-53;main.go:2026-05-02_12-16-14
2026-05-02_12-22-35,0,dlist.go:2026-05-02_12-08-53;main.go:2026-05-02_12-22-35
2026-05-02_12-22-52,0,dlist.go:2026-05-02_12-08-53;main.go:2026-05-02_12-22-52
2026-05-02_12-23-30,0,dlist.go:2026-05-02_12-08-53;main.go:2026-05-02_12-23-30
2026-05-02_12-24-53,0,dlist.go:2026-05-02_12-08-53;main.go:2026-05-02_12-24-53
2026-05-02_12-25-12,0,dlist.go:2026-05-02_12-08-53;main.go:2026-05-02_12-25-12
2026-05-02_12-25-34,0,dlist.go:2026-05-02_12-08-53;main.go:2026-05-02_12-25-12
2026-05-02_12-34-41,0,dlist.go:2026-05-02_12-08-53;main.go:2026-05-02_12-34-41
2026-05-02_12-35-31,0,dlist.go:2026-05-02_12-08-53;main.go:2026-05-02_12-35-31
2026-05-02_15-04-42,0,dlist.go:2026-05-02_12-08-53;main.go:2026-05-02_15-04-42
2026-05-02_15-07-28,0,dlist.go:2026-05-02_12-08-53;main.go:2026-05-02_15-07-28
2026-05-02_15-07-51,0,dlist.go:2026-05-02_12-08-53;main.go:2026-05-02_15-07-51
2026-05-02_15-09-57,0,dlist.go:2026-05-02_12-08-53;main.go:2026-05-02_15-09-57
2026-05-02_15-10-30,100,dlist.go:2026-05-02_12-08-53;main.go:2026-05-02_15-10-30
2026-05-21_08-49-26,100,dlist.go:2026-05-02_12-08-53;main.go:2026-05-02_15-10-30
