2026-05-18_13-58-32,16,main.go:2026-05-18_13-58-32
2026-05-18_19-13-12,100,main.go:2026-05-18_19-13-12
2026-05-18_19-25-49,100,main.go:2026-05-18_19-13-12
2026-05-18_19-25-51,100,main.go:2026-05-18_19-13-12
2026-05-19_10-18-47,100,main.go:2026-05-18_19-13-12
2026-05-24_16-44-39,0,main.go:2026-05-24_16-44-39
2026-05-24_16-45-12,100,main.go:2026-05-24_16-45-12
2026-05-24_16-46-28,100,main.go:2026-05-24_16-45-12
2026-06-02_15-31-54,100,main.go:2026-05-24_16-45-12
2026-06-02_15-32-48,100,main.go:2026-06-02_15-32-48
2026-06-02_16-37-18,100,main.go:2026-06-02_16-37-18
