2026-03-11_21-12-01,0,draft.go:2026-03-11_21-12-01
2026-03-11_21-12-54,0,draft.go:2026-03-11_21-12-54
2026-03-11_21-14-03,0,draft.go:2026-03-11_21-14-03
2026-03-11_21-16-35,0,draft.go:2026-03-11_21-16-35
2026-03-11_21-17-14,0,draft.go:2026-03-11_21-16-35
2026-03-11_21-17-36,0,draft.go:2026-03-11_21-16-35
2026-03-11_21-18-22,0,draft.go:2026-03-11_21-18-22
2026-03-11_21-18-35,0,draft.go:2026-03-11_21-18-35
2026-03-11_21-19-55,0,draft.go:2026-03-11_21-19-55
2026-03-11_21-20-47,---,draft.go:2026-03-11_21-20-47
2026-03-11_21-21-01,0,draft.go:2026-03-11_21-20-47
2026-03-11_21-21-28,0,draft.go:2026-03-11_21-21-28
2026-03-11_21-25-40,0,draft.go:2026-03-11_21-25-40
2026-03-11_21-28-24,0,draft.go:2026-03-11_21-28-24
2026-03-11_21-28-42,0,draft.go:2026-03-11_21-28-42
2026-03-11_21-29-05,0,draft.go:2026-03-11_21-29-05
2026-03-11_21-36-37,100,draft.go:2026-03-11_21-36-37
