2026-05-25_14-51-46,0,main.go:2026-05-25_14-51-46;stack.go:2026-05-25_14-51-46
2026-05-25_14-51-51,0,main.go:2026-05-25_14-51-46;stack.go:2026-05-25_14-51-46
2026-05-25_16-45-23,25,main.go:2026-05-25_16-45-23;stack.go:2026-05-25_14-51-46
2026-05-25_16-45-33,75,main.go:2026-05-25_16-45-33;stack.go:2026-05-25_14-51-46
2026-05-25_16-47-44,75,main.go:2026-05-25_16-47-44;stack.go:2026-05-25_14-51-46
2026-05-25_16-48-11,75,main.go:2026-05-25_16-48-11;stack.go:2026-05-25_14-51-46
2026-05-25_16-48-12,75,main.go:2026-05-25_16-48-11;stack.go:2026-05-25_14-51-46
2026-05-25_16-48-24,75,main.go:2026-05-25_16-48-24;stack.go:2026-05-25_14-51-46
2026-05-25_16-49-20,75,main.go:2026-05-25_16-49-20;stack.go:2026-05-25_14-51-46
2026-05-25_16-50-25,75,main.go:2026-05-25_16-50-25;stack.go:2026-05-25_14-51-46
2026-05-25_16-51-00,75,main.go:2026-05-25_16-51-00;stack.go:2026-05-25_14-51-46
2026-05-25_16-51-13,100,main.go:2026-05-25_16-51-13;stack.go:2026-05-25_14-51-46
2026-05-25_22-26-00,---,main.go:2026-05-25_16-51-13;stack.go:2026-05-25_14-51-46
2026-05-25_22-27-05,---,main.go:2026-05-25_16-51-13;stack.go:2026-05-25_14-51-46
2026-05-26_20-27-31,100,main.go:2026-05-26_20-27-31;stack.go:2026-05-25_14-51-46
2026-05-26_22-11-40,0,main.go:2026-05-26_20-27-31;stack.go:2026-05-25_14-51-46
2026-05-26_22-11-52,0,main.go:2026-05-26_20-27-31;stack.go:2026-05-25_14-51-46
2026-05-26_22-14-17,0,main.go:2026-05-26_20-27-31;stack.go:2026-05-25_14-51-46
2026-05-26_22-22-50,0,main.go:2026-05-26_20-27-31;stack.go:2026-05-25_14-51-46
2026-05-26_22-57-19,0,main.go:2026-05-26_20-27-31;stack.go:2026-05-25_14-51-46
2026-05-27_12-04-53,100,main.go:2026-05-26_20-27-31;stack.go:2026-05-25_14-51-46
2026-06-27_16-13-01,100,main.go:2026-05-26_20-27-31;stack.go:2026-05-25_14-51-46
