2026-03-13_20-30-32,75,draft.go:2026-03-13_20-30-32
2026-03-13_20-30-52,100,draft.go:2026-03-13_20-30-52
2026-03-16_21-46-38,100,draft.go:2026-03-13_20-30-52
2026-03-28_15-51-53,100,draft.go:2026-03-13_20-30-52
2026-03-28_15-51-58,100,draft.go:2026-03-13_20-30-52
2026-03-28_15-51-59,100,draft.go:2026-03-13_20-30-52
2026-03-28_15-52-01,100,draft.go:2026-03-13_20-30-52
2026-03-28_15-52-03,100,draft.go:2026-03-13_20-30-52
2026-03-28_15-52-04,100,draft.go:2026-03-13_20-30-52
2026-03-28_15-52-06,100,draft.go:2026-03-13_20-30-52
2026-03-28_15-52-07,100,draft.go:2026-03-13_20-30-52
2026-03-28_15-52-09,100,draft.go:2026-03-13_20-30-52
2026-03-28_15-53-10,---,draft.go:2026-03-13_20-30-52
2026-03-28_15-56-28,---,draft.go:2026-03-13_20-30-52
2026-03-28_16-03-06,100,draft.go:2026-03-13_20-30-52
