2026-03-10_21-33-13,---,draft.go:2026-03-10_21-33-13
2026-03-24_14-11-23,---,draft.go:2026-03-24_14-11-23
2026-03-24_14-13-11,---,draft.go:2026-03-24_14-11-23
2026-03-24_14-13-49,0,draft.go:2026-03-24_14-11-23
2026-03-24_14-15-08,0,draft.go:2026-03-24_14-15-08
2026-03-24_14-16-00,0,draft.go:2026-03-24_14-15-08
2026-03-29_23-04-03,0,draft.go:2026-03-29_23-04-03
2026-03-30_14-57-18,0,draft.go:2026-03-30_14-57-18
2026-03-30_15-01-12,0,draft.go:2026-03-30_15-01-12
2026-03-30_15-02-41,0,draft.go:2026-03-30_15-02-41
2026-03-30_15-04-27,0,draft.go:2026-03-30_15-04-27
2026-03-30_15-04-44,0,draft.go:2026-03-30_15-04-44
2026-03-30_15-05-41,0,draft.go:2026-03-30_15-05-41
2026-03-30_15-07-07,0,draft.go:2026-03-30_15-07-07
2026-03-30_15-07-36,100,draft.go:2026-03-30_15-07-36
