2026-05-27_22-15-16,0,main.go:2026-05-27_22-15-16
2026-06-01_18-40-52,0,main.go:2026-05-27_22-15-16
2026-06-22_11-18-28,0,main.go:2026-05-27_22-15-16
2026-06-22_11-18-36,0,main.go:2026-05-27_22-15-16
2026-06-22_11-30-49,0,main.go:2026-06-22_11-30-49
2026-06-22_11-33-01,0,main.go:2026-06-22_11-33-01
2026-06-22_15-35-28,0,main.go:2026-06-22_15-35-28
2026-06-22_15-36-28,0,main.go:2026-06-22_15-36-28
2026-06-22_15-37-18,0,main.go:2026-06-22_15-37-18
2026-06-22_15-38-53,0,main.go:2026-06-22_15-38-53
2026-06-22_15-41-55,0,main.go:2026-06-22_15-41-55
2026-06-22_15-42-09,0,main.go:2026-06-22_15-42-09
2026-06-22_15-46-06,100,main.go:2026-06-22_15-46-06
2026-06-22_15-46-42,100,main.go:2026-06-22_15-46-06
2026-06-22_17-30-26,100,main.go:2026-06-22_15-46-06
