2026-07-04_16-14-56,0,draft.go:2026-07-04_16-14-56
2026-07-04_17-25-07,0,draft.go:2026-07-04_17-25-07
2026-07-04_17-25-47,0,draft.go:2026-07-04_17-25-47
2026-07-04_17-28-16,33,draft.go:2026-07-04_17-28-16
2026-07-04_17-28-30,33,draft.go:2026-07-04_17-28-30
2026-07-04_17-29-04,33,draft.go:2026-07-04_17-29-04
2026-07-04_17-29-17,33,draft.go:2026-07-04_17-29-17
2026-07-04_17-29-49,33,draft.go:2026-07-04_17-29-49
2026-07-04_17-30-01,66,draft.go:2026-07-04_17-30-01
2026-07-04_17-30-17,66,draft.go:2026-07-04_17-30-17
2026-07-04_17-30-28,66,draft.go:2026-07-04_17-30-17
2026-07-04_17-31-32,0,draft.go:2026-07-04_17-31-32
2026-07-04_17-31-36,66,draft.go:2026-07-04_17-31-36
2026-07-04_17-32-08,66,draft.go:2026-07-04_17-32-08
2026-07-04_17-34-45,33,draft.go:2026-07-04_17-34-45
2026-07-04_17-35-24,66,draft.go:2026-07-04_17-35-24
2026-07-04_17-35-37,66,draft.go:2026-07-04_17-35-37
2026-07-04_17-36-41,66,draft.go:2026-07-04_17-36-41
2026-07-04_17-37-00,0,draft.go:2026-07-04_17-37-00
2026-07-04_17-39-09,66,draft.go:2026-07-04_17-39-09
2026-07-04_17-39-15,0,draft.go:2026-07-04_17-39-15
2026-07-04_17-39-24,0,draft.go:2026-07-04_17-39-15
2026-07-04_17-39-41,66,draft.go:2026-07-04_17-39-41
2026-07-04_17-40-02,66,draft.go:2026-07-04_17-40-02
2026-07-04_17-40-37,33,draft.go:2026-07-04_17-40-37
2026-07-04_17-41-54,0,draft.go:2026-07-04_17-41-54
2026-07-04_17-42-12,0,draft.go:2026-07-04_17-42-12
2026-07-04_17-42-19,66,draft.go:2026-07-04_17-42-19
2026-07-04_17-47-36,33,draft.go:2026-07-04_17-47-36
2026-07-04_17-47-48,33,draft.go:2026-07-04_17-47-48
2026-07-04_17-48-25,66,draft.go:2026-07-04_17-48-25
2026-07-04_17-48-43,66,draft.go:2026-07-04_17-48-43
2026-07-04_22-03-17,66,draft.go:2026-07-04_17-48-43
2026-07-04_23-03-59,0,draft.go:2026-07-04_23-03-59
2026-07-04_23-04-17,0,draft.go:2026-07-04_23-04-17
2026-07-04_23-19-04,33,draft.go:2026-07-04_23-19-04
2026-07-04_23-20-13,33,draft.go:2026-07-04_23-20-13
2026-07-04_23-20-52,33,draft.go:2026-07-04_23-20-52
2026-07-04_23-21-15,33,draft.go:2026-07-04_23-21-15
2026-07-04_23-21-33,33,draft.go:2026-07-04_23-21-33
2026-07-04_23-23-25,33,draft.go:2026-07-04_23-23-25
2026-07-04_23-23-42,33,draft.go:2026-07-04_23-23-42
2026-07-04_23-23-49,33,draft.go:2026-07-04_23-23-49
2026-07-04_23-24-31,66,draft.go:2026-07-04_23-24-31
2026-07-04_23-24-54,33,draft.go:2026-07-04_23-24-54
2026-07-04_23-26-41,33,draft.go:2026-07-04_23-24-54
2026-07-04_23-27-18,33,draft.go:2026-07-04_23-24-54
2026-07-04_23-33-17,33,draft.go:2026-07-04_23-24-54
2026-07-04_23-33-18,33,draft.go:2026-07-04_23-24-54
2026-07-04_23-33-19,33,draft.go:2026-07-04_23-24-54
2026-07-04_23-33-21,33,draft.go:2026-07-04_23-24-54
2026-07-04_23-33-22,33,draft.go:2026-07-04_23-24-54
2026-07-04_23-33-23,33,draft.go:2026-07-04_23-24-54
2026-07-04_23-33-24,33,draft.go:2026-07-04_23-24-54
2026-07-04_23-33-25,33,draft.go:2026-07-04_23-24-54
2026-07-04_23-33-26,33,draft.go:2026-07-04_23-24-54
2026-07-04_23-33-27,33,draft.go:2026-07-04_23-24-54
2026-07-04_23-33-28,33,draft.go:2026-07-04_23-24-54
2026-07-04_23-33-28,33,draft.go:2026-07-04_23-24-54
2026-07-04_23-33-29,33,draft.go:2026-07-04_23-24-54
2026-07-04_23-33-30,33,draft.go:2026-07-04_23-24-54
2026-07-04_23-33-31,33,draft.go:2026-07-04_23-24-54
2026-07-04_23-36-06,33,draft.go:2026-07-04_23-36-06
2026-07-04_23-36-13,33,draft.go:2026-07-04_23-36-13
2026-07-04_23-38-37,33,draft.go:2026-07-04_23-38-37
2026-07-04_23-39-00,33,draft.go:2026-07-04_23-38-37
2026-07-04_23-41-00,33,draft.go:2026-07-04_23-41-00
2026-07-04_23-41-47,0,draft.go:2026-07-04_23-41-47
2026-07-04_23-41-52,33,draft.go:2026-07-04_23-41-52
2026-07-04_23-42-18,33,draft.go:2026-07-04_23-42-18
2026-07-04_23-44-16,33,draft.go:2026-07-04_23-44-16
2026-07-04_23-46-07,0,draft.go:2026-07-04_23-46-07
2026-07-04_23-46-15,0,draft.go:2026-07-04_23-46-15
2026-07-04_23-46-40,100,draft.go:2026-07-04_23-46-40
