2026-04-15_20-10-31,0,main.go:2026-04-15_20-10-31
2026-04-15_20-21-35,18,main.go:2026-04-15_20-21-35
2026-04-15_20-30-52,18,main.go:2026-04-15_20-21-35
2026-04-15_20-36-07,0,main.go:2026-04-15_20-36-07
2026-04-15_20-36-18,0,main.go:2026-04-15_20-36-07
2026-04-15_20-36-26,18,main.go:2026-04-15_20-36-26
2026-04-15_21-23-51,9,main.go:2026-04-15_21-23-51
2026-04-15_21-27-47,9,main.go:2026-04-15_21-27-47
2026-04-15_21-34-39,9,main.go:2026-04-15_21-34-39
2026-04-15_21-37-15,9,main.go:2026-04-15_21-37-15
2026-04-15_21-44-53,9,main.go:2026-04-15_21-37-15
2026-04-15_21-44-56,9,main.go:2026-04-15_21-37-15
2026-04-15_21-46-01,9,main.go:2026-04-15_21-46-01
2026-04-15_21-46-11,9,main.go:2026-04-15_21-46-11
2026-04-15_21-57-06,18,main.go:2026-04-15_21-57-06
2026-04-15_21-58-47,18,main.go:2026-04-15_21-58-47
2026-04-15_23-00-17,0,main.go:2026-04-15_23-00-17
2026-04-15_23-00-25,0,main.go:2026-04-15_23-00-17
2026-04-15_23-01-53,0,main.go:2026-04-15_23-00-17
2026-04-15_23-04-28,18,main.go:2026-04-15_23-04-28
2026-04-15_23-05-28,27,main.go:2026-04-15_23-05-28
2026-04-24_09-01-58,0,main.go:2026-04-24_09-01-58
2026-04-24_09-02-23,36,main.go:2026-04-24_09-02-23
2026-04-24_09-04-33,36,main.go:2026-04-24_09-04-33
2026-04-24_09-32-14,36,main.go:2026-04-24_09-32-14
2026-04-24_09-36-12,45,main.go:2026-04-24_09-36-12
2026-04-24_09-36-23,45,main.go:2026-04-24_09-36-12
2026-04-24_09-52-18,54,main.go:2026-04-24_09-52-18
2026-04-24_09-55-10,54,main.go:2026-04-24_09-52-18
2026-04-24_21-44-17,54,main.go:2026-04-24_21-44-17
2026-04-24_21-53-43,45,main.go:2026-04-24_21-53-43
2026-04-24_21-55-26,45,main.go:2026-04-24_21-55-26
2026-04-24_22-02-19,45,main.go:2026-04-24_22-02-19
2026-04-24_22-03-17,45,main.go:2026-04-24_22-03-17
2026-04-24_22-05-38,45,main.go:2026-04-24_22-05-38
2026-04-24_22-05-41,45,main.go:2026-04-24_22-05-38
2026-04-24_22-06-14,45,main.go:2026-04-24_22-06-14
2026-04-24_22-06-36,45,main.go:2026-04-24_22-06-36
2026-04-24_22-08-32,45,main.go:2026-04-24_22-08-32
2026-04-24_22-18-24,72,main.go:2026-04-24_22-18-24
2026-04-24_22-19-40,45,main.go:2026-04-24_22-19-40
2026-04-24_22-19-47,72,main.go:2026-04-24_22-19-47
2026-04-24_22-28-54,18,main.go:2026-04-24_22-28-54
2026-04-24_22-30-57,72,main.go:2026-04-24_22-30-57
2026-04-24_22-31-40,72,main.go:2026-04-24_22-30-57
2026-04-24_22-32-29,72,main.go:2026-04-24_22-32-29
2026-04-24_22-37-55,81,main.go:2026-04-24_22-37-55
2026-04-24_22-49-12,90,main.go:2026-04-24_22-49-12
2026-04-24_23-39-48,90,main.go:2026-04-24_23-39-48
2026-04-24_23-41-19,100,main.go:2026-04-24_23-41-19
2026-04-25_16-04-10,100,main.go:2026-04-25_16-04-10
2026-04-25_23-38-13,100,main.go:2026-04-25_16-04-10
2026-04-27_16-12-53,100,main.go:2026-04-27_16-12-53
2026-05-18_11-01-45,100,main.go:2026-04-27_16-12-53
2026-05-26_22-21-05,0,main.go:2026-04-27_16-12-53
2026-05-27_22-11-27,100,main.go:2026-04-27_16-12-53
