2026-05-27_20-57-20,0,main.go:2026-05-27_20-57-20
2026-05-27_21-45-02,0,main.go:2026-05-27_21-45-02
2026-05-27_21-46-41,0,main.go:2026-05-27_21-46-41
2026-05-27_21-51-40,0,main.go:2026-05-27_21-51-40
2026-05-27_21-53-32,66,main.go:2026-05-27_21-53-32
2026-05-27_21-56-14,66,main.go:2026-05-27_21-56-14
2026-05-27_21-57-12,66,main.go:2026-05-27_21-57-12
2026-05-27_21-58-22,66,main.go:2026-05-27_21-58-22
2026-05-27_21-58-40,66,main.go:2026-05-27_21-58-40
2026-05-27_22-01-41,66,main.go:2026-05-27_22-01-41
2026-05-27_22-02-18,66,main.go:2026-05-27_22-02-18
2026-05-27_22-02-33,66,main.go:2026-05-27_22-02-33
2026-05-27_22-03-00,66,main.go:2026-05-27_22-03-00
2026-05-27_22-03-19,66,main.go:2026-05-27_22-03-00
2026-05-27_22-04-31,66,main.go:2026-05-27_22-04-31
2026-05-27_22-06-40,66,main.go:2026-05-27_22-04-31
2026-05-27_22-07-05,66,main.go:2026-05-27_22-07-05
2026-05-27_22-09-54,100,main.go:2026-05-27_22-09-54
2026-06-02_18-46-44,100,main.go:2026-05-27_22-09-54
