2026-06-17_10-27-32,0,main.go:2026-06-17_10-27-32
2026-06-17_10-49-17,0,main.go:2026-06-17_10-27-32
2026-07-05_22-39-36,0,main.go:2026-06-17_10-27-32
2026-07-05_23-06-38,14,main.go:2026-07-05_23-06-38
2026-07-05_23-10-29,0,main.go:2026-07-05_23-10-29
2026-07-05_23-10-36,14,main.go:2026-07-05_23-10-36
2026-07-05_23-10-51,14,main.go:2026-07-05_23-10-36
2026-07-05_23-12-59,14,main.go:2026-07-05_23-10-36
2026-07-05_23-13-47,14,main.go:2026-07-05_23-10-36
2026-07-05_23-19-45,14,main.go:2026-07-05_23-19-45
2026-07-05_23-22-12,14,main.go:2026-07-05_23-22-12
2026-07-05_23-22-32,14,main.go:2026-07-05_23-22-32
2026-07-05_23-23-54,14,main.go:2026-07-05_23-22-32
2026-07-05_23-25-42,14,main.go:2026-07-05_23-22-32
2026-07-05_23-26-26,14,main.go:2026-07-05_23-22-32
2026-07-05_23-27-13,14,main.go:2026-07-05_23-22-32
2026-07-05_23-31-16,14,main.go:2026-07-05_23-22-32
2026-07-05_23-35-01,14,main.go:2026-07-05_23-22-32
2026-07-05_23-35-57,14,main.go:2026-07-05_23-22-32
2026-07-05_23-38-42,14,main.go:2026-07-05_23-38-42
2026-07-05_23-39-28,14,main.go:2026-07-05_23-39-28
2026-07-05_23-42-08,14,main.go:2026-07-05_23-39-28
