2026-04-07_10-34-06,0,main.go:2026-04-07_10-34-06;pen.go:2026-04-07_10-34-06
2026-04-07_10-55-02,0,main.go:2026-04-07_10-34-06;pen.go:2026-04-07_10-34-06
2026-04-07_11-37-53,0,main.go:2026-04-07_11-37-53;pen.go:2026-04-07_10-34-06
2026-04-07_11-38-40,0,main.go:2026-04-07_11-37-53;pen.go:2026-04-07_10-34-06
2026-04-07_21-45-59,0,main.go:2026-04-07_21-45-59;pen.go:2026-04-07_10-34-06
2026-04-08_11-05-24,0,main.go:2026-04-08_11-05-24;pen.go:2026-04-07_10-34-06
2026-05-18_11-00-24,0,main.go:2026-05-18_11-00-24;pen.go:2026-04-07_10-34-06
2026-05-20_10-19-11,0,main.go:2026-05-18_11-00-24;pen.go:2026-04-07_10-34-06
2026-05-24_16-42-21,0,main.go:2026-05-18_11-00-24;pen.go:2026-04-07_10-34-06
2026-05-24_16-42-40,0,main.go:2026-05-18_11-00-24;pen.go:2026-04-07_10-34-06
2026-05-25_14-48-57,0,main.go:2026-05-18_11-00-24;pen.go:2026-04-07_10-34-06
2026-05-27_22-13-33,0,main.go:2026-05-18_11-00-24;pen.go:2026-04-07_10-34-06
2026-06-27_19-31-11,0,pen.go:2026-04-07_10-34-06;main.go:2026-06-27_19-31-11
2026-06-27_19-31-32,0,main.go:2026-06-27_19-31-11;pen.go:2026-04-07_10-34-06
2026-06-27_19-32-49,0,main.go:2026-06-27_19-31-11;pen.go:2026-04-07_10-34-06
