2026-05-26_20-29-50,0,draft.go:2026-05-26_20-29-50
2026-05-27_16-51-03,0,draft.go:2026-05-27_16-51-03
2026-06-02_08-23-15,0,draft.go:2026-05-27_16-51-03
2026-06-03_16-28-38,0,draft.go:2026-05-27_16-51-03
2026-06-15_19-09-12,0,draft.go:2026-05-27_16-51-03
2026-06-16_14-27-20,0,draft.go:2026-06-16_14-27-20
2026-06-16_15-47-44,0,draft.go:2026-06-16_15-47-44
2026-06-16_15-47-49,0,draft.go:2026-06-16_15-47-44
2026-06-16_15-49-49,0,draft.go:2026-06-16_15-49-49
2026-06-16_15-53-10,0,draft.go:2026-06-16_15-53-10
2026-06-16_15-55-03,0,draft.go:2026-06-16_15-55-03
2026-06-16_15-55-39,0,draft.go:2026-06-16_15-55-39
2026-06-16_15-55-51,0,draft.go:2026-06-16_15-55-51
2026-06-16_15-57-59,0,draft.go:2026-06-16_15-57-59
2026-06-16_15-58-07,0,draft.go:2026-06-16_15-58-07
2026-06-16_15-58-52,28,draft.go:2026-06-16_15-58-52
2026-06-16_15-59-43,28,draft.go:2026-06-16_15-58-52
2026-06-16_16-01-03,28,draft.go:2026-06-16_15-58-52
2026-06-16_16-01-05,28,draft.go:2026-06-16_15-58-52
2026-06-16_16-01-06,28,draft.go:2026-06-16_15-58-52
2026-06-16_16-01-18,28,draft.go:2026-06-16_15-58-52
2026-06-16_18-42-36,0,draft.go:2026-06-16_18-42-36
2026-06-16_18-42-56,28,draft.go:2026-06-16_18-42-56
2026-06-17_10-21-38,0,draft.go:2026-06-17_10-21-38
2026-06-17_10-24-14,28,draft.go:2026-06-17_10-24-14
2026-06-22_16-46-35,0,draft.go:2026-06-22_16-46-35
2026-06-22_16-46-38,0,draft.go:2026-06-22_16-46-35
2026-06-27_16-13-12,0,draft.go:2026-06-22_16-46-35
2026-06-27_16-15-49,28,draft.go:2026-06-27_16-15-49
2026-06-27_16-49-11,0,draft.go:2026-06-27_16-49-11
2026-06-27_16-50-42,0,draft.go:2026-06-27_16-50-42
2026-06-27_16-51-21,0,draft.go:2026-06-27_16-51-21
2026-06-27_17-00-32,0,draft.go:2026-06-27_17-00-32
2026-06-27_17-07-09,0,draft.go:2026-06-27_17-07-09
2026-06-27_17-26-49,0,draft.go:2026-06-27_17-26-49
2026-06-27_17-29-56,0,draft.go:2026-06-27_17-29-56
2026-06-27_17-30-22,0,draft.go:2026-06-27_17-30-22
2026-06-27_17-40-05,0,draft.go:2026-06-27_17-40-05
2026-06-27_17-44-25,0,draft.go:2026-06-27_17-44-25
2026-06-27_17-49-34,0,draft.go:2026-06-27_17-49-34
2026-06-27_17-50-15,100,draft.go:2026-06-27_17-50-15
2026-06-27_17-51-53,100,draft.go:2026-06-27_17-51-53
