2026-06-27_20-38-33,0,draft.go:2026-06-27_20-38-33
2026-06-27_20-39-04,0,draft.go:2026-06-27_20-39-04
2026-06-27_20-45-20,0,draft.go:2026-06-27_20-45-20
2026-06-27_20-47-55,0,draft.go:2026-06-27_20-47-55
2026-06-27_20-49-02,0,draft.go:2026-06-27_20-49-02
2026-06-27_20-49-22,0,draft.go:2026-06-27_20-49-22
2026-06-27_20-55-55,0,draft.go:2026-06-27_20-55-55
2026-06-27_20-58-08,0,draft.go:2026-06-27_20-58-08
2026-06-27_20-58-20,0,draft.go:2026-06-27_20-58-20
2026-06-27_20-58-52,0,draft.go:2026-06-27_20-58-52
2026-06-27_20-58-57,0,draft.go:2026-06-27_20-58-57
2026-06-27_21-01-18,0,draft.go:2026-06-27_21-01-18
2026-06-27_21-04-13,0,draft.go:2026-06-27_21-04-13
2026-06-27_21-06-21,0,draft.go:2026-06-27_21-06-21
2026-06-27_21-16-31,0,draft.go:2026-06-27_21-16-31
2026-06-27_21-17-03,100,draft.go:2026-06-27_21-17-03
2026-06-27_21-21-28,100,draft.go:2026-06-27_21-17-03
