2026-06-23_22-29-05,0,main.go:2026-06-23_22-29-05;queue.go:2026-06-23_22-29-05
2026-06-24_00-19-08,0,main.go:2026-06-24_00-19-08;queue.go:2026-06-23_22-29-05
2026-06-24_00-19-09,0,main.go:2026-06-24_00-19-08;queue.go:2026-06-23_22-29-05
2026-06-24_00-19-09,0,main.go:2026-06-24_00-19-08;queue.go:2026-06-23_22-29-05
2026-06-24_00-19-10,0,main.go:2026-06-24_00-19-08;queue.go:2026-06-23_22-29-05
2026-06-24_00-19-10,0,main.go:2026-06-24_00-19-08;queue.go:2026-06-23_22-29-05
2026-06-24_00-19-24,0,main.go:2026-06-24_00-19-24;queue.go:2026-06-23_22-29-05
2026-06-24_00-19-30,0,main.go:2026-06-24_00-19-24;queue.go:2026-06-23_22-29-05
2026-06-24_00-29-52,0,main.go:2026-06-24_00-19-24;queue.go:2026-06-23_22-29-05
2026-06-24_00-42-16,0,main.go:2026-06-24_00-42-16;queue.go:2026-06-23_22-29-05
2026-06-24_00-42-17,0,main.go:2026-06-24_00-42-16;queue.go:2026-06-23_22-29-05
2026-07-04_12-32-12,0,main.go:2026-06-24_00-42-16;queue.go:2026-06-23_22-29-05
2026-07-04_12-42-10,0,main.go:2026-07-04_12-42-10;queue.go:2026-06-23_22-29-05
2026-07-04_12-43-00,0,main.go:2026-07-04_12-43-00;queue.go:2026-06-23_22-29-05
2026-07-04_12-44-27,0,main.go:2026-07-04_12-44-27;queue.go:2026-06-23_22-29-05
2026-07-04_12-45-28,50,main.go:2026-07-04_12-45-28;queue.go:2026-06-23_22-29-05
2026-07-04_13-00-20,50,main.go:2026-07-04_13-00-20;queue.go:2026-06-23_22-29-05
2026-07-04_13-17-42,50,main.go:2026-07-04_13-17-42;queue.go:2026-06-23_22-29-05
2026-07-04_13-23-28,50,main.go:2026-07-04_13-23-28;queue.go:2026-06-23_22-29-05
2026-07-04_13-32-12,0,main.go:2026-07-04_13-32-12;queue.go:2026-06-23_22-29-05
2026-07-04_13-32-22,0,main.go:2026-07-04_13-32-22;queue.go:2026-06-23_22-29-05
2026-07-04_13-32-47,0,main.go:2026-07-04_13-32-47;queue.go:2026-06-23_22-29-05
2026-07-04_13-33-21,0,main.go:2026-07-04_13-33-21;queue.go:2026-06-23_22-29-05
2026-07-04_13-33-28,0,main.go:2026-07-04_13-33-28;queue.go:2026-06-23_22-29-05
2026-07-04_13-46-15,0,main.go:2026-07-04_13-46-15;queue.go:2026-06-23_22-29-05
2026-07-04_13-46-22,0,main.go:2026-07-04_13-46-22;queue.go:2026-06-23_22-29-05
2026-07-04_13-47-10,0,main.go:2026-07-04_13-47-10;queue.go:2026-06-23_22-29-05
2026-07-04_13-47-41,0,main.go:2026-07-04_13-47-41;queue.go:2026-06-23_22-29-05
2026-07-04_13-48-24,0,main.go:2026-07-04_13-48-24;queue.go:2026-06-23_22-29-05
2026-07-04_13-49-14,0,main.go:2026-07-04_13-49-14;queue.go:2026-06-23_22-29-05
2026-07-04_13-49-53,0,main.go:2026-07-04_13-49-53;queue.go:2026-06-23_22-29-05
2026-07-04_13-50-24,0,main.go:2026-07-04_13-50-24;queue.go:2026-06-23_22-29-05
2026-07-04_13-51-25,0,main.go:2026-07-04_13-51-25;queue.go:2026-06-23_22-29-05
2026-07-04_13-51-39,0,main.go:2026-07-04_13-51-39;queue.go:2026-06-23_22-29-05
2026-07-04_13-55-43,0,main.go:2026-07-04_13-55-43;queue.go:2026-06-23_22-29-05
2026-07-04_13-56-05,0,main.go:2026-07-04_13-56-05;queue.go:2026-06-23_22-29-05
2026-07-04_13-56-37,0,main.go:2026-07-04_13-56-37;queue.go:2026-06-23_22-29-05
2026-07-04_13-59-38,0,main.go:2026-07-04_13-59-38;queue.go:2026-06-23_22-29-05
2026-07-04_14-00-27,100,main.go:2026-07-04_14-00-27;queue.go:2026-06-23_22-29-05
